inventory_year,survey_unit,country,plot_number,tree_number,diametr,height,log_height,log_diametr
2022,2,5,204,1,7.4,38.0,3.6375861597263857,2.0014800002101243
2022,2,5,204,3,7.5,40.0,3.6888794541139363,2.0149030205422647
2022,2,5,204,4,11.3,42.0,3.7376696182833684,2.424802725718295
2022,2,5,204,5,12.7,60.0,4.0943445622221,2.5416019934645457
2022,2,5,204,7,11.9,61.0,4.110873864173311,2.4765384001174837
2022,2,5,204,8,17.7,63.0,4.143134726391533,2.8735646395797834
2022,2,5,204,9,17.1,62.0,4.127134385045092,2.8390784635086144
2022,2,5,204,10,9.8,51.0,3.9318256327243257,2.2823823856765264
2022,2,5,204,11,9.6,50.0,3.912023005428146,2.2617630984737906
2022,2,5,204,12,6.6,40.0,3.6888794541139363,1.8870696490323797
2022,2,5,204,13,6.7,28.0,3.332204510175204,1.9021075263969205
2022,2,5,204,18,5.2,42.0,3.7376696182833684,1.6486586255873816
2022,2,5,204,19,6.3,31.0,3.4339872044851463,1.840549633397487
2022,2,5,852,1,18.1,64.0,4.1588830833596715,2.89591193827178
2022,2,5,852,5,15.1,64.0,4.1588830833596715,2.714694743820879
2022,2,5,852,17,12.1,51.0,3.9318256327243257,2.4932054526026954
2022,2,5,852,24,11.1,50.0,3.912023005428146,2.4069451083182885
2022,2,5,852,35,11.0,44.0,3.784189633918261,2.3978952727983707
2022,2,5,852,49,6.3,32.0,3.4657359027997265,1.840549633397487
2022,2,5,852,53,8.9,43.0,3.7612001156935624,2.186051276738094
2022,2,9,333,1,2.3,28.0,3.332204510175204,0.8329091229351039
2022,2,9,333,2,3.0,29.0,3.367295829986474,1.0986122886681098
2022,2,9,333,3,5.1,34.0,3.5263605246161616,1.62924053973028
2022,2,9,333,4,5.2,33.0,3.4965075614664802,1.6486586255873816
2022,2,9,333,5,5.5,29.0,3.367295829986474,1.7047480922384253
2022,2,9,333,6,5.2,27.0,3.295836866004329,1.6486586255873816
2022,2,9,333,7,5.6,32.0,3.4657359027997265,1.7227665977411035
2022,2,9,333,8,5.7,31.0,3.4339872044851463,1.7404661748405046
2022,2,9,333,20,3.0,23.0,3.1354942159291497,1.0986122886681098
2022,2,9,333,22,2.0,17.0,2.833213344056216,0.6931471805599453
2022,2,9,333,26,1.5,9.0,2.1972245773362196,0.4054651081081644
2022,2,9,333,27,1.7,11.0,2.3978952727983707,0.5306282510621704
2022,2,9,333,35,5.9,40.0,3.6888794541139363,1.7749523509116738
2022,2,9,333,38,5.8,35.0,3.5553480614894135,1.7578579175523736
2022,2,9,333,39,5.7,37.0,3.6109179126442243,1.7404661748405046
2022,2,9,333,40,5.0,35.0,3.5553480614894135,1.6094379124341003
2022,2,9,333,41,5.4,35.0,3.5553480614894135,1.6863989535702288
2022,2,9,333,47,2.5,21.0,3.044522437723423,0.9162907318741551
2022,2,9,333,48,2.4,25.0,3.2188758248682006,0.8754687373538999
2022,2,9,333,49,1.3,14.0,2.6390573296152584,0.26236426446749106
2022,2,9,333,50,1.3,13.0,2.5649493574615367,0.26236426446749106
2022,2,9,333,52,3.0,30.0,3.4011973816621555,1.0986122886681098
2022,2,9,333,53,2.2,18.0,2.8903717578961645,0.7884573603642703
2022,2,9,333,54,2.3,22.0,3.091042453358316,0.8329091229351039
2022,2,9,333,55,2.3,23.0,3.1354942159291497,0.8329091229351039
2022,2,9,333,56,2.7,24.0,3.1780538303479458,0.9932517730102834
2022,2,9,333,57,1.3,16.0,2.772588722239781,0.26236426446749106
2022,2,9,333,58,1.6,17.0,2.833213344056216,0.47000362924573563
2022,2,9,333,60,1.4,14.0,2.6390573296152584,0.3364722366212129
2022,2,9,333,61,1.9,22.0,3.091042453358316,0.6418538861723947
2022,2,9,333,64,1.7,15.0,2.70805020110221,0.5306282510621704
2022,2,9,333,66,1.0,14.0,2.6390573296152584,0.0
2022,2,9,333,72,5.5,35.0,3.5553480614894135,1.7047480922384253
2022,2,9,735,1,11.1,62.0,4.127134385045092,2.4069451083182885
2022,2,9,735,16,11.4,64.0,4.1588830833596715,2.4336133554004498
2022,2,9,735,17,2.1,10.0,2.302585092994046,0.7419373447293773
2022,2,9,735,21,1.5,9.0,2.1972245773362196,0.4054651081081644
2022,2,9,735,22,4.7,25.0,3.2188758248682006,1.547562508716013
2022,2,9,1088,2,3.9,15.0,2.70805020110221,1.3609765531356006
2022,2,9,1088,3,2.3,10.0,2.302585092994046,0.8329091229351039
2022,2,9,1088,9,4.0,25.0,3.2188758248682006,1.3862943611198906
2022,2,9,1088,10,11.1,47.0,3.8501476017100584,2.4069451083182885
2022,2,9,1088,12,6.5,32.0,3.4657359027997265,1.8718021769015913
2022,2,9,1088,13,6.0,17.0,2.833213344056216,1.791759469228055
2022,2,9,1088,14,6.7,26.0,3.258096538021482,1.9021075263969205
2022,2,9,1088,15,5.4,32.0,3.4657359027997265,1.6863989535702288
2022,2,9,1088,16,6.8,30.0,3.4011973816621555,1.916922612182061
2022,2,9,1088,18,1.0,7.0,1.9459101490553132,0.0
2022,2,9,1088,20,1.3,8.0,2.0794415416798357,0.26236426446749106
2022,2,9,1088,22,1.4,9.0,2.1972245773362196,0.3364722366212129
2022,2,9,1088,23,1.1,8.0,2.0794415416798357,0.09531017980432493
2022,2,9,1088,24,5.5,24.0,3.1780538303479458,1.7047480922384253
2022,2,9,1420,2,14.0,69.0,4.23410650459726,2.6390573296152584
2022,2,9,1420,4,10.3,50.0,3.912023005428146,2.33214389523559
2022,2,9,1420,5,9.0,50.0,3.912023005428146,2.1972245773362196
2022,2,9,1420,8,8.7,47.0,3.8501476017100584,2.163323025660538
2022,2,9,1468,4,14.6,56.0,4.02535169073515,2.681021528714291
2022,2,9,1468,10,1.1,9.0,2.1972245773362196,0.09531017980432493
2022,2,9,1468,11,5.8,24.0,3.1780538303479458,1.7578579175523736
2022,2,9,1468,13,1.4,9.0,2.1972245773362196,0.3364722366212129
2022,2,9,1468,18,1.5,13.0,2.5649493574615367,0.4054651081081644
2022,2,9,1468,33,7.0,43.0,3.7612001156935624,1.9459101490553132
2022,2,9,1468,34,7.5,46.0,3.828641396489095,2.0149030205422647
2022,2,9,1468,36,6.9,45.0,3.8066624897703196,1.9315214116032138
2022,2,9,1468,39,5.6,32.0,3.4657359027997265,1.7227665977411035
2022,2,9,1468,47,5.9,48.0,3.871201010907891,1.7749523509116738
2022,2,9,1468,48,5.9,41.0,3.713572066704308,1.7749523509116738
2022,2,9,1468,54,5.1,40.0,3.6888794541139363,1.62924053973028
2022,2,9,2834,3,6.3,39.0,3.6635616461296463,1.840549633397487
2022,2,9,2834,5,24.5,86.0,4.454347296253507,3.1986731175506815
2022,2,9,2834,7,6.0,23.0,3.1354942159291497,1.791759469228055
2022,2,9,2834,13,1.0,7.0,1.9459101490553132,0.0
2022,2,11,249,13,2.5,11.0,2.3978952727983707,0.9162907318741551
2022,2,11,249,29,2.3,19.0,2.9444389791664403,0.8329091229351039
2022,2,11,250,1,2.8,17.0,2.833213344056216,1.0296194171811581
2022,2,11,250,18,9.7,38.0,3.6375861597263857,2.272125885509337
2022,2,11,250,19,5.2,22.0,3.091042453358316,1.6486586255873816
2022,2,11,250,24,8.9,36.0,3.58351893845611,2.186051276738094
2022,2,11,250,34,5.9,29.0,3.367295829986474,1.7749523509116738
2022,2,11,1287,2,6.9,41.0,3.713572066704308,1.9315214116032138
2022,2,15,289,3,7.2,41.0,3.713572066704308,1.9740810260220096
2022,2,15,289,4,5.7,39.0,3.6635616461296463,1.7404661748405046
2022,2,15,289,7,6.9,51.0,3.9318256327243257,1.9315214116032138
2022,2,15,289,8,7.2,45.0,3.8066624897703196,1.9740810260220096
2022,2,15,289,9,7.6,50.0,3.912023005428146,2.028148247292285
2022,2,15,289,10,8.3,52.0,3.9512437185814275,2.1162555148025524
2022,2,15,289,12,9.6,68.0,4.219507705176107,2.2617630984737906
2022,2,15,289,15,5.8,28.0,3.332204510175204,1.7578579175523736
2022,2,15,289,16,1.7,15.0,2.70805020110221,0.5306282510621704
2022,2,15,289,18,6.5,45.0,3.8066624897703196,1.8718021769015913
2022,2,15,289,33,9.1,58.0,4.060443010546419,2.2082744135228043
2022,2,15,289,34,2.7,15.0,2.70805020110221,0.9932517730102834
2022,2,15,386,4,1.3,8.0,2.0794415416798357,0.26236426446749106
2022,2,15,1360,5,14.0,58.0,4.060443010546419,2.6390573296152584
2022,2,15,1360,6,7.4,44.0,3.784189633918261,2.0014800002101243
2022,2,15,1360,26,5.8,42.0,3.7376696182833684,1.7578579175523736
2022,2,15,1360,30,1.0,7.0,1.9459101490553132,0.0
2022,2,17,342,2,2.6,30.0,3.4011973816621555,0.9555114450274363
2022,2,17,342,3,4.6,22.0,3.091042453358316,1.5260563034950492
2022,2,17,342,9,6.5,37.0,3.6109179126442243,1.8718021769015913
2022,2,17,342,12,5.1,30.0,3.4011973816621555,1.62924053973028
2022,2,17,387,3,2.4,13.0,2.5649493574615367,0.8754687373538999
2022,2,17,633,1,2.9,15.0,2.70805020110221,1.0647107369924282
2022,2,17,633,6,8.5,44.0,3.784189633918261,2.1400661634962708
2022,2,19,893,11,1.5,9.0,2.1972245773362196,0.4054651081081644
2022,2,19,979,7,7.4,41.0,3.713572066704308,2.0014800002101243
2022,2,23,48,2,6.2,46.0,3.828641396489095,1.824549292051046
2022,2,23,48,3,13.9,64.0,4.1588830833596715,2.631888840136646
2022,2,23,48,4,9.2,49.0,3.8918202981106265,2.2192034840549946
2022,2,23,48,5,12.4,61.0,4.110873864173311,2.517696472610991
2022,2,23,48,6,14.1,74.0,4.30406509320417,2.6461747973841225
2022,2,23,48,9,13.2,65.0,4.174387269895637,2.580216829592325
2022,2,23,48,10,7.3,45.0,3.8066624897703196,1.9878743481543455
2022,2,23,48,13,14.2,70.0,4.248495242049359,2.653241964607215
2022,2,23,48,14,11.7,72.0,4.276666119016055,2.4595888418037104
2022,2,23,48,15,5.4,39.0,3.6635616461296463,1.6863989535702288
2022,2,23,48,19,5.2,35.0,3.5553480614894135,1.6486586255873816
2022,2,23,48,25,8.7,61.0,4.110873864173311,2.163323025660538
2022,2,23,389,4,8.0,45.0,3.8066624897703196,2.0794415416798357
2022,2,23,389,6,8.0,48.0,3.871201010907891,2.0794415416798357
2022,2,23,389,7,6.3,49.0,3.8918202981106265,1.840549633397487
2022,2,23,389,10,6.4,37.0,3.6109179126442243,1.8562979903656263
2022,2,23,389,12,11.1,66.0,4.189654742026425,2.4069451083182885
2022,2,23,389,15,5.5,26.0,3.258096538021482,1.7047480922384253
2022,2,23,389,16,8.5,60.0,4.0943445622221,2.1400661634962708
2022,2,23,389,17,6.8,50.0,3.912023005428146,1.916922612182061
2022,2,23,389,21,9.9,64.0,4.1588830833596715,2.2925347571405443
2022,2,23,389,22,10.3,64.0,4.1588830833596715,2.33214389523559
2022,2,23,1026,14,2.0,15.0,2.70805020110221,0.6931471805599453
2022,2,23,1026,15,2.4,16.0,2.772588722239781,0.8754687373538999
2022,2,23,1026,16,2.2,16.0,2.772588722239781,0.7884573603642703
2022,2,23,1026,18,5.1,33.0,3.4965075614664802,1.62924053973028
2022,2,23,1439,1,8.3,40.0,3.6888794541139363,2.1162555148025524
2022,2,23,1439,6,8.7,54.0,3.9889840465642745,2.163323025660538
2022,2,23,1439,27,6.2,44.0,3.784189633918261,1.824549292051046
2022,2,23,1439,33,9.7,68.0,4.219507705176107,2.272125885509337
2022,3,1,180,1,2.3,12.0,2.4849066497880004,0.8329091229351039
2022,3,1,180,9,1.2,9.0,2.1972245773362196,0.1823215567939546
2022,3,1,325,25,2.3,11.0,2.3978952727983707,0.8329091229351039
2022,3,1,325,32,2.2,15.0,2.70805020110221,0.7884573603642703
2022,3,1,325,33,6.2,25.0,3.2188758248682006,1.824549292051046
2022,3,1,325,36,6.3,26.0,3.258096538021482,1.840549633397487
2022,3,1,325,43,6.6,25.0,3.2188758248682006,1.8870696490323797
2022,3,1,325,44,8.8,27.0,3.295836866004329,2.174751721484161
2022,3,1,325,46,1.2,8.0,2.0794415416798357,0.1823215567939546
2022,3,1,325,47,5.9,23.0,3.1354942159291497,1.7749523509116738
2022,3,1,325,48,5.0,22.0,3.091042453358316,1.6094379124341003
2022,3,1,325,50,5.5,23.0,3.1354942159291497,1.7047480922384253
2022,3,1,325,51,5.4,24.0,3.1780538303479458,1.6863989535702288
2022,3,1,1167,2,6.0,52.0,3.9512437185814275,1.791759469228055
2022,3,1,1167,5,16.3,80.0,4.382026634673881,2.791165107812717
2022,3,1,1167,12,1.5,10.0,2.302585092994046,0.4054651081081644
2022,3,1,2521,5,7.0,27.0,3.295836866004329,1.9459101490553132
2022,3,1,2521,12,6.9,28.0,3.332204510175204,1.9315214116032138
2022,3,1,2521,13,6.5,30.0,3.4011973816621555,1.8718021769015913
2022,3,1,2521,16,8.8,33.0,3.4965075614664802,2.174751721484161
2022,3,1,2521,17,7.8,34.0,3.5263605246161616,2.0541237336955462
2022,3,1,2526,1,3.3,16.0,2.772588722239781,1.1939224684724346
2022,3,1,2526,2,3.6,18.0,2.8903717578961645,1.2809338454620642
2022,3,1,2526,5,7.2,52.0,3.9512437185814275,1.9740810260220096
2022,3,1,2568,3,6.8,40.0,3.6888794541139363,1.916922612182061
2022,3,1,2568,4,6.1,37.0,3.6109179126442243,1.8082887711792655
2022,3,1,2568,6,6.9,38.0,3.6375861597263857,1.9315214116032138
2022,3,1,2568,7,6.0,36.0,3.58351893845611,1.791759469228055
2022,3,1,2568,8,5.2,29.0,3.367295829986474,1.6486586255873816
2022,3,3,244,4,7.2,45.0,3.8066624897703196,1.9740810260220096
2022,3,3,244,11,1.0,7.0,1.9459101490553132,0.0
2022,3,3,244,19,1.4,7.0,1.9459101490553132,0.3364722366212129
2022,3,3,258,33,9.2,38.0,3.6375861597263857,2.2192034840549946
2022,3,3,258,49,4.0,21.0,3.044522437723423,1.3862943611198906
2022,3,3,258,50,3.6,21.0,3.044522437723423,1.2809338454620642
2022,3,3,258,72,15.9,58.0,4.060443010546419,2.766319109226186
2022,3,3,258,73,9.8,43.0,3.7612001156935624,2.2823823856765264
2022,3,3,329,3,13.1,72.0,4.276666119016055,2.5726122302071057
2022,3,3,329,6,16.2,80.0,4.382026634673881,2.785011242238338
2022,3,3,329,7,14.8,78.0,4.356708826689592,2.6946271807700692
2022,3,3,329,10,20.0,87.0,4.465908118654584,2.995732273553991
2022,3,3,329,11,12.1,66.0,4.189654742026425,2.4932054526026954
2022,3,3,329,12,16.4,74.0,4.30406509320417,2.797281334830153
2022,3,3,329,15,13.8,74.0,4.30406509320417,2.624668592163159
2022,3,3,329,16,10.7,67.0,4.204692619390966,2.3702437414678603
2022,3,3,329,17,12.3,75.0,4.31748811353631,2.509599262378372
2022,3,3,361,18,9.7,47.0,3.8501476017100584,2.272125885509337
2022,3,3,361,38,18.8,62.0,4.127134385045092,2.9338568698359038
2022,3,3,415,4,12.9,49.0,3.8918202981106265,2.5572273113676265
2022,3,3,439,6,8.9,49.0,3.8918202981106265,2.186051276738094
2022,3,3,668,18,14.3,71.0,4.2626798770413155,2.6602595372658615
2022,3,3,668,19,12.2,73.0,4.290459441148391,2.501435951739211
2022,3,3,668,20,12.8,66.0,4.189654742026425,2.5494451709255714
2022,3,3,668,21,13.0,74.0,4.30406509320417,2.5649493574615367
2022,3,3,668,23,7.0,43.0,3.7612001156935624,1.9459101490553132
2022,3,3,833,18,16.2,86.0,4.454347296253507,2.785011242238338
2022,3,3,833,21,8.0,62.0,4.127134385045092,2.0794415416798357
2022,3,3,833,23,9.1,55.0,4.007333185232471,2.2082744135228043
2022,3,3,833,26,6.2,43.0,3.7612001156935624,1.824549292051046
2022,3,3,833,27,7.4,40.0,3.6888794541139363,2.0014800002101243
2022,3,3,922,13,8.0,58.0,4.060443010546419,2.0794415416798357
2022,3,3,922,15,5.5,34.0,3.5263605246161616,1.7047480922384253
2022,3,3,922,26,6.5,37.0,3.6109179126442243,1.8718021769015913
2022,3,3,922,37,5.0,22.0,3.091042453358316,1.6094379124341003
2022,3,3,1282,8,1.8,10.0,2.302585092994046,0.5877866649021191
2022,3,3,1282,11,3.5,22.0,3.091042453358316,1.252762968495368
2022,3,3,1282,13,5.4,40.0,3.6888794541139363,1.6863989535702288
2022,3,3,1315,22,5.8,25.0,3.2188758248682006,1.7578579175523736
2022,3,3,1475,11,16.9,71.0,4.2626798770413155,2.8273136219290276
2022,3,3,2597,1,14.0,82.0,4.406719247264253,2.6390573296152584
2022,3,3,2597,4,10.5,73.0,4.290459441148391,2.3513752571634776
2022,3,3,2597,6,11.9,74.0,4.30406509320417,2.4765384001174837
2022,3,3,2597,7,8.2,75.0,4.31748811353631,2.1041341542702074
2022,3,3,2597,8,13.7,80.0,4.382026634673881,2.617395832834079
2022,3,3,2597,9,18.7,78.0,4.356708826689592,2.928523523860541
2022,3,3,2597,10,7.9,66.0,4.189654742026425,2.066862759472976
2022,3,3,2597,11,11.8,78.0,4.356708826689592,2.468099531471619
2022,3,3,2597,12,11.0,81.0,4.394449154672439,2.3978952727983707
2022,3,3,2640,9,5.4,31.0,3.4339872044851463,1.6863989535702288
2022,3,3,2640,14,8.3,34.0,3.5263605246161616,2.1162555148025524
2022,3,7,953,26,1.9,11.0,2.3978952727983707,0.6418538861723947
2022,3,21,17,14,5.0,41.0,3.713572066704308,1.6094379124341003
2022,3,21,624,3,4.8,20.0,2.995732273553991,1.5686159179138452
2022,3,21,624,6,7.8,40.0,3.6888794541139363,2.0541237336955462
2022,3,21,624,7,13.7,55.0,4.007333185232471,2.617395832834079
2022,3,21,624,9,16.4,55.0,4.007333185232471,2.797281334830153
2022,3,21,624,11,6.1,22.0,3.091042453358316,1.8082887711792655
2022,3,21,624,12,5.1,26.0,3.258096538021482,1.62924053973028
2022,3,21,1040,8,12.4,58.0,4.060443010546419,2.517696472610991
2022,3,21,1040,10,5.3,34.0,3.5263605246161616,1.667706820558076
2022,3,21,1040,11,14.1,57.0,4.04305126783455,2.6461747973841225
2022,3,21,1040,12,13.1,55.0,4.007333185232471,2.5726122302071057
2022,3,21,1040,13,10.3,54.0,3.9889840465642745,2.33214389523559
2022,3,21,1040,18,8.6,33.0,3.4965075614664802,2.151762203259462
2022,3,21,1040,19,8.4,26.0,3.258096538021482,2.128231705849268
2022,3,21,1040,23,8.6,45.0,3.8066624897703196,2.151762203259462
2022,3,21,1040,25,7.5,25.0,3.2188758248682006,2.0149030205422647
2022,3,21,1040,31,5.9,28.0,3.332204510175204,1.7749523509116738
2022,3,21,1256,7,9.5,45.0,3.8066624897703196,2.2512917986064953
2022,3,21,1342,5,9.5,47.0,3.8501476017100584,2.2512917986064953
2022,3,21,1342,7,10.1,57.0,4.04305126783455,2.312535423847214
2022,3,21,1482,12,1.2,9.0,2.1972245773362196,0.1823215567939546
2022,3,21,3190,3,3.0,20.0,2.995732273553991,1.0986122886681098
2022,3,21,3190,5,3.2,25.0,3.2188758248682006,1.1631508098056809
2022,3,21,3190,6,7.0,35.0,3.5553480614894135,1.9459101490553132
2022,3,21,3190,7,13.2,72.0,4.276666119016055,2.580216829592325
2022,3,21,3190,8,12.8,61.0,4.110873864173311,2.5494451709255714
2022,3,21,3190,11,11.0,59.0,4.07753744390572,2.3978952727983707
2022,3,25,534,3,2.8,25.0,3.2188758248682006,1.0296194171811581
2022,3,25,534,4,11.2,59.0,4.07753744390572,2.4159137783010487
2022,3,25,534,6,10.4,56.0,4.02535169073515,2.341805806147327
2022,3,25,534,9,7.2,50.0,3.912023005428146,1.9740810260220096
2022,3,25,534,11,7.5,55.0,4.007333185232471,2.0149030205422647
2022,3,25,534,15,10.5,52.0,3.9512437185814275,2.3513752571634776
2022,3,25,534,16,11.8,64.0,4.1588830833596715,2.468099531471619
2022,3,25,534,19,7.2,47.0,3.8501476017100584,1.9740810260220096
2022,3,25,534,20,8.8,53.0,3.970291913552122,2.174751721484161
2022,3,25,534,21,9.8,51.0,3.9318256327243257,2.2823823856765264
2022,3,25,534,22,13.9,72.0,4.276666119016055,2.631888840136646
2022,3,25,534,23,12.9,62.0,4.127134385045092,2.5572273113676265
2022,3,25,796,10,15.3,59.0,4.07753744390572,2.72785282839839
2022,3,25,796,11,13.9,48.0,3.871201010907891,2.631888840136646
2022,3,25,1121,3,6.3,48.0,3.871201010907891,1.840549633397487
2022,3,25,1121,4,12.9,74.0,4.30406509320417,2.5572273113676265
2022,3,25,1121,6,13.4,74.0,4.30406509320417,2.5952547069568657
2022,3,25,1121,7,11.0,69.0,4.23410650459726,2.3978952727983707
2022,3,25,1121,8,9.1,50.0,3.912023005428146,2.2082744135228043
2022,3,25,1121,11,7.2,54.0,3.9889840465642745,1.9740810260220096
2022,3,25,1121,15,3.9,30.0,3.4011973816621555,1.3609765531356006
2022,3,25,1121,31,5.4,36.0,3.58351893845611,1.6863989535702288
2022,3,25,1121,34,1.7,14.0,2.6390573296152584,0.5306282510621704
2022,3,25,3322,1,6.9,52.0,3.9512437185814275,1.9315214116032138
2022,3,25,3322,2,3.9,25.0,3.2188758248682006,1.3609765531356006
2022,3,25,3322,3,2.0,12.0,2.4849066497880004,0.6931471805599453
2022,3,25,3322,4,9.5,58.0,4.060443010546419,2.2512917986064953
2022,3,25,3322,5,15.9,75.0,4.31748811353631,2.766319109226186
2022,3,25,3322,7,6.7,44.0,3.784189633918261,1.9021075263969205
2022,3,25,3322,9,9.2,35.0,3.5553480614894135,2.2192034840549946
2022,3,25,3322,11,7.8,37.0,3.6109179126442243,2.0541237336955462
2022,3,25,3322,12,7.5,51.0,3.9318256327243257,2.0149030205422647
2022,3,25,3322,13,8.0,51.0,3.9318256327243257,2.0794415416798357
2022,3,25,3322,14,7.9,54.0,3.9889840465642745,2.066862759472976
2022,3,25,3322,16,8.7,47.0,3.8501476017100584,2.163323025660538
2022,3,25,3322,19,9.9,50.0,3.912023005428146,2.2925347571405443
2022,3,25,3322,21,9.4,56.0,4.02535169073515,2.2407096892759584
2022,3,25,3322,22,5.0,35.0,3.5553480614894135,1.6094379124341003
2022,3,25,3322,26,10.8,57.0,4.04305126783455,2.379546134130174
2022,3,25,3322,27,7.1,52.0,3.9512437185814275,1.9600947840472698
2022,3,25,3322,28,8.2,52.0,3.9512437185814275,2.1041341542702074
2022,3,25,3322,30,7.1,45.0,3.8066624897703196,1.9600947840472698
2022,3,25,3337,1,3.4,16.0,2.772588722239781,1.2237754316221157
2022,3,25,3337,3,17.0,75.0,4.31748811353631,2.833213344056216
2022,3,27,749,13,2.4,14.0,2.6390573296152584,0.8754687373538999
2022,3,27,812,3,11.1,73.0,4.290459441148391,2.4069451083182885
2022,3,27,812,21,11.1,73.0,4.290459441148391,2.4069451083182885
2022,3,27,1064,4,2.3,13.0,2.5649493574615367,0.8329091229351039
2022,3,27,1064,6,6.3,30.0,3.4011973816621555,1.840549633397487
2022,3,27,1064,7,6.2,31.0,3.4339872044851463,1.824549292051046
2022,3,27,1064,8,13.1,68.0,4.219507705176107,2.5726122302071057
2022,3,27,1064,11,5.4,23.0,3.1354942159291497,1.6863989535702288
2022,3,27,1064,12,12.3,63.0,4.143134726391533,2.509599262378372
2022,3,27,1064,13,8.3,45.0,3.8066624897703196,2.1162555148025524
2022,3,27,1064,16,11.0,45.0,3.8066624897703196,2.3978952727983707
2022,3,27,1064,19,1.2,10.0,2.302585092994046,0.1823215567939546
2022,3,27,1064,22,3.6,25.0,3.2188758248682006,1.2809338454620642
2022,3,27,1064,25,2.1,14.0,2.6390573296152584,0.7419373447293773
2022,3,27,1473,1,7.7,52.0,3.9512437185814275,2.0412203288596382
2022,3,27,1473,2,7.9,50.0,3.912023005428146,2.066862759472976
2022,3,27,1473,3,7.0,38.0,3.6375861597263857,1.9459101490553132
2022,3,27,1473,5,9.8,49.0,3.8918202981106265,2.2823823856765264
2022,3,27,1473,6,13.3,56.0,4.02535169073515,2.5877640352277083
2022,3,27,1473,7,10.7,55.0,4.007333185232471,2.3702437414678603
2022,3,27,1473,8,6.9,52.0,3.9512437185814275,1.9315214116032138
2022,3,27,1473,9,7.2,43.0,3.7612001156935624,1.9740810260220096
2022,3,27,1473,10,15.6,75.0,4.31748811353631,2.747270914255491
2022,3,27,1473,11,5.5,40.0,3.6888794541139363,1.7047480922384253
2022,3,27,1473,12,6.8,48.0,3.871201010907891,1.916922612182061
2022,3,27,1473,13,5.8,37.0,3.6109179126442243,1.7578579175523736
2022,3,27,1473,14,5.2,43.0,3.7612001156935624,1.6486586255873816
2022,3,27,1473,15,9.5,60.0,4.0943445622221,2.2512917986064953
2022,3,27,1473,26,13.4,67.0,4.204692619390966,2.5952547069568657
2022,3,27,1473,27,6.7,36.0,3.58351893845611,1.9021075263969205
2022,3,27,1473,29,7.2,52.0,3.9512437185814275,1.9740810260220096
2022,3,27,1473,31,7.2,40.0,3.6888794541139363,1.9740810260220096
2022,3,27,1473,33,8.5,56.0,4.02535169073515,2.1400661634962708
2022,3,27,1473,37,8.0,49.0,3.8918202981106265,2.0794415416798357
2022,3,27,1473,39,4.3,30.0,3.4011973816621555,1.4586150226995167
2022,3,27,1473,41,5.2,38.0,3.6375861597263857,1.6486586255873816
